created_at,entry_id,field1
2026-02-02 10:25:46 UTC,1,0
2026-02-02 10:26:08 UTC,2,1
2026-02-02 10:26:31 UTC,3,2
2026-02-02 10:26:53 UTC,4,3
2026-02-02 10:27:16 UTC,5,4
2026-02-02 10:27:38 UTC,6,5
2026-02-02 10:28:01 UTC,7,6
2026-02-02 10:28:23 UTC,8,7
2026-02-02 10:28:46 UTC,9,8
2026-02-02 10:29:08 UTC,10,9
2026-02-02 10:29:31 UTC,11,10
2026-02-02 10:29:53 UTC,12,11
2026-02-02 10:30:15 UTC,13,12
2026-02-02 10:30:38 UTC,14,13
2026-02-02 10:31:00 UTC,15,14
2026-02-02 10:31:23 UTC,16,15
2026-02-02 10:31:45 UTC,17,16
2026-02-02 10:32:07 UTC,18,17
2026-02-02 10:32:30 UTC,19,18
2026-02-02 10:32:52 UTC,20,19
2026-02-02 10:33:15 UTC,21,20
2026-02-02 10:33:37 UTC,22,21
2026-02-02 10:34:00 UTC,23,22
2026-02-02 10:34:22 UTC,24,23
2026-02-02 10:34:45 UTC,25,24
2026-02-02 10:35:07 UTC,26,25
2026-02-02 10:35:29 UTC,27,26
2026-02-02 10:35:52 UTC,28,27
2026-02-02 10:36:14 UTC,29,28
2026-02-02 10:36:37 UTC,30,29
2026-02-02 10:37:02 UTC,31,30
2026-02-02 10:37:25 UTC,32,31
2026-02-02 10:37:47 UTC,33,32
2026-02-02 10:38:10 UTC,34,33
2026-02-02 10:38:32 UTC,35,34
2026-02-02 10:38:54 UTC,36,35
2026-02-02 10:39:17 UTC,37,36
2026-02-02 10:39:40 UTC,38,37
2026-02-02 10:40:02 UTC,39,38
2026-02-02 10:40:24 UTC,40,39
2026-02-02 10:40:48 UTC,41,40
2026-02-02 10:41:10 UTC,42,41
2026-02-02 10:41:31 UTC,43,42
2026-02-02 10:41:53 UTC,44,43
2026-02-02 10:42:15 UTC,45,44
2026-02-02 10:42:38 UTC,46,45
2026-02-02 10:43:00 UTC,47,46
2026-02-02 10:43:22 UTC,48,47
